<?xml version="1.0" encoding="UTF-8"?>
<project-private xmlns="http://www.netbeans.org/ns/project-private/1">
    <editor-bookmarks xmlns="http://www.netbeans.org/ns/editor-bookmarks/2" lastBookmarkId="0"/>
    <open-files xmlns="http://www.netbeans.org/ns/projectui-open-files/2">
        <group>
            <file>file:/home/afterlife/Downloads/TecnarDB_1/src/Clases/Conector.java</file>
            <file>file:/home/afterlife/Downloads/TecnarDB_1/src/Formularios/FrmDashboard.java</file>
            <file>file:/home/afterlife/Downloads/TecnarDB_1/src/Main/Main.java</file>
            <file>file:/home/afterlife/Downloads/TecnarDB_1/src/Clases/Clientes.java</file>
            <file>file:/home/afterlife/Downloads/TecnarDB_1/src/Clases/Usuarios.java</file>
            <file>file:/home/afterlife/Downloads/TecnarDB_1/src/Formularios/FrmUsuarios.java</file>
            <file>file:/home/afterlife/Downloads/TecnarDB_1/src/Formularios/FrmClientes.java</file>
        </group>
    </open-files>
</project-private>
